{
  "project_info": {
    "project_number": "670500901196",
    "project_id": "task-5c8c7",
    "storage_bucket": "task-5c8c7.appspot.com"
  },
  "client": [
    {
      "client_info": {
        "mobilesdk_app_id": "1:670500901196:android:5a55efdd67d253201effe9",
        "android_client_info": {
          "package_name": "com.adcl.task"
        }
      },
      "oauth_client": [
        {
          "client_id": "670500901196-em5haunq29vebatltvctk0h5tiu493h1.apps.googleusercontent.com",
          "client_type": 3
        }
      ],
      "api_key": [
        {
          "current_key": "AIzaSyBRN36JxV9Y4GK9jtM_jtF0IdYicJEMAYg"
        }
      ],
      "services": {
        "appinvite_service": {
          "other_platform_oauth_client": [
            {
              "client_id": "670500901196-em5haunq29vebatltvctk0h5tiu493h1.apps.googleusercontent.com",
              "client_type": 3
            }
          ]
        }
      }
    }
  ],
  "configuration_version": "1"
}